[
    {
      "id": 1,
      "name": "Apple",
      "type": "Stone Fruit",
      "description": "Crisp and sweet, great for snacking.",
      "price": 50,
      "rating": 5,
      "image": "https://upload.wikimedia.org/wikipedia/commons/1/15/Red_Apple.jpg",
      "likes": 4
    },
    {
      "id": 2,
      "name": "Banana",
      "type": "Tropical",
      "description": "A great source of potassium.",
      "price": 20,
      "rating": 5,
      "image": "https://upload.wikimedia.org/wikipedia/commons/8/8a/Banana-Single.jpg",
      "likes": 5
    },
    {
      "id": 3,
      "name": "Mango",
      "type": "Tropical",
      "description": "Juicy tropical delight, the king of fruits.",
      "price": 70,
      "rating": 5,
      "image": "https://upload.wikimedia.org/wikipedia/commons/9/90/Hapus_Mango.jpg",
      "likes": 3
    },
    {
      "id": 4,
      "name": "Orange",
      "type": "Citrus",
      "description": "Packed with vitamin C.",
      "price": 40,
      "rating": 4,
      "image": "https://upload.wikimedia.org/wikipedia/commons/c/c4/Orange-Fruit-Pieces.jpg",
      "likes": 0
    },
    {
      "id": 5,
      "name": "Grapes",
      "type": "Berry",
      "description": "Sweet and juicy, perfect for a light snack.",
      "price": 35,
      "rating": 4,
      "image": "https://upload.wikimedia.org/wikipedia/commons/1/1c/Table_grapes_on_white.jpg",
      "likes": 0
    },
    {
      "id": 6,
      "name": "Pineapple",
      "type": "Tropical",
      "description": "Tropical fruit with a tangy flavor.",
      "price": 80,
      "rating": 4,
      "image": "https://upload.wikimedia.org/wikipedia/commons/c/cb/Pineapple_and_cross_section.jpg",
      "likes": 0
    },
    {
      "id": 7,
      "name": "Strawberry",
      "type": "Berry",
      "description": "Sweet, red, and juicy.",
      "price": 100,
      "rating": 5,
      "image": "https://upload.wikimedia.org/wikipedia/commons/2/29/PerfectStrawberry.jpg",
      "likes": 0
    },
    {
      "id": 8,
      "name": "Watermelon",
      "type": "Melon",
      "description": "Hydrating and refreshing, perfect for summer.",
      "price": 60,
      "rating": 5,
      "image": "https://upload.wikimedia.org/wikipedia/commons/f/fd/Watermelon_cross_BNC.jpg",
      "likes": 0
    },
    {
      "id": 9,
      "name": "Blueberry",
      "type": "Berry",
      "description": "Small, sweet, and packed with antioxidants.",
      "price": 120,
      "rating": 5,
      "image": "https://upload.wikimedia.org/wikipedia/commons/0/0b/Blueberries_.jpg",
      "likes": 0
    },
    {
      "id": 10,
      "name": "Raspberry",
      "type": "Berry",
      "description": "Delicate, sweet-tart flavor.",
      "price": 130,
      "rating": 4,
      "image": "https://upload.wikimedia.org/wikipedia/commons/8/8b/Raspberries05.jpg",
      "likes": 0
    },
    {
      "id": 11,
      "name": "Avocado",
      "type": "Exotic",
      "description": "Creamy texture, rich in healthy fats.",
      "price": 95,
      "rating": 5,
      "image": "https://upload.wikimedia.org/wikipedia/commons/5/5f/Avocado.jpg",
      "likes": 0
    },
    {
      "id": 12,
      "name": "Guava",
      "type": "Tropical",
      "description": "Sweet and slightly grainy texture.",
      "price": 45,
      "rating": 4,
      "image": "https://upload.wikimedia.org/wikipedia/commons/1/1c/Guava_ID.jpg",
      "likes": 0
    },
    {
      "id": 13,
      "name": "Peach",
      "type": "Stone Fruit",
      "description": "Juicy fruit with a sweet taste.",
      "price": 70,
      "rating": 4,
      "image": "https://upload.wikimedia.org/wikipedia/commons/9/9e/Autumn_Red_peaches.jpg",
      "likes": 0
    },
    {
      "id": 14,
      "name": "Plum",
      "type": "Stone Fruit",
      "description": "Sweet and juicy with a tart skin.",
      "price": 65,
      "rating": 5,
      "image": "https://upload.wikimedia.org/wikipedia/commons/f/fb/Prunus_domestica.jpg",
      "likes": 0
    },
    {
      "id": 15,
      "name": "Cantaloupe",
      "type": "Melon",
      "description": "Orange-fleshed melon, mildly sweet.",
      "price": 60,
      "rating": 4,
      "image": "https://upload.wikimedia.org/wikipedia/commons/1/19/Cantaloupe_and_cross_section.jpg",
      "likes": 0
    },
    {
      "id": 16,
      "name": "Pomegranate",
      "type": "Exotic",
      "description": "Filled with ruby-red antioxidant-rich seeds.",
      "price": 85,
      "rating": 5,
      "image": "https://upload.wikimedia.org/wikipedia/commons/5/5b/Pomegranate01.jpg",
      "likes": 0
    },
    {
      "id": 17,
      "name": "Kiwi",
      "type": "Exotic",
      "description": "Sweet and tangy with a unique flavor.",
      "price": 90,
      "rating": 5,
      "image": "https://upload.wikimedia.org/wikipedia/commons/d/d3/Kiwi_aka.jpg",
      "likes": 0
    },
    {
      "id": 18,
      "name": "Cherry",
      "type": "Stone Fruit",
      "description": "Sweet fruit with a tart note.",
      "price": 110,
      "rating": 5,
      "image": "https://upload.wikimedia.org/wikipedia/commons/b/bb/Cherry_Stella444.jpg",
      "likes": 0
    },
    {
      "id": 19,
      "name": "Lemon",
      "type": "Citrus",
      "description": "Sour and acidic, great for flavoring.",
      "price": 25,
      "rating": 3,
      "image": "https://upload.wikimedia.org/wikipedia/commons/c/c5/Lemon-edit1.jpg",
      "likes": 0
    },
    {
      "id": 20,
      "name": "Papaya",
      "type": "Tropical",
      "description": "Sweet, musky flavor and soft texture.",
      "price": 55,
      "rating": 4,
      "image": "https://upload.wikimedia.org/wikipedia/commons/0/0f/Papaya_cross_section_BNC.jpg",
      "likes": 0
    }
  ]