[{
  "_id": {
    "$oid": "62f297b277bede1ebe79f598"
  },
  "name": "Benjamin",
  "gender": "Male",
  "courses": [
    "python",
    "react"
  ],
  "address": {
    "city": "Los Angeles",
    "state": "California"
  },
  "python": 88,
  "react": 78
},
{
  "_id": {
    "$oid": "62f297b277bede1ebe79f599"
  },
  "name": "Jane",
  "gender": "Male",
  "courses": [
    "python",
    "javascript"
  ],
  "address": {
    "city": "San Diego",
    "state": "California"
  },
  "python": 96,
  "javascript": 100
},
{
  "_id": {
    "$oid": "62f297b277bede1ebe79f59a"
  },
  "name": "Oliver",
  "gender": "Male",
  "courses": [
    "react"
  ],
  "address": {
    "city": "Orlando",
    "state": "Florida"
  },
  "react": 70
},
{
  "_id": {
    "$oid": "62f297b277bede1ebe79f59b"
  },
  "name": "William",
  "gender": "Male",
  "courses": [
    "python",
    "javascript"
  ],
  "address": {
    "city": "Miami",
    "state": "Florida"
  },
  "python": 30,
  "javascript": 25
},
{
  "_id": {
    "$oid": "62f297b277bede1ebe79f59c"
  },
  "name": "Olivia",
  "gender": "Female",
  "courses": [
    "python",
    "javascript",
    "react"
  ],
  "address": {
    "city": "San Francisco",
    "state": "California"
  },
  "python": 67,
  "javascript": 45,
  "react": 78
},
{
  "_id": {
    "$oid": "62f297b277bede1ebe79f59d"
  },
  "name": "Amelia",
  "gender": "Female",
  "courses": [
    "python",
    "javascript",
    "react"
  ],
  "address": {
    "city": "Fresno",
    "state": "California"
  },
  "python": 56,
  "javascript": 46,
  "react": 78
},
{
  "_id": {
    "$oid": "62f297b277bede1ebe79f59e"
  },
  "name": "Noah",
  "gender": "Male",
  "courses": [
    "javascript",
    "react"
  ],
  "address": {
    "city": "Plano",
    "state": "Texas"
  },
  "javascript": 67,
  "react": 67
},
{
  "_id": {
    "$oid": "66280ca056a252cfe37825e6"
  },
  "name": "Sophia",
  "gender": "Female",
  "courses": [
    "python",
    "react"
  ],
  "address": {
    "city": "Austin",
    "state": "Texas"
  },
  "python": 82,
  "react": 85
},
{
  "_id": {
    "$oid": "66280ca056a252cfe37825e7"
  },
  "name": "Ethan",
  "gender": "Male",
  "courses": [
    "python",
    "javascript",
    "react"
  ],
  "address": {
    "city": "Houston",
    "state": "Texas"
  },
  "python": 90,
  "javascript": 85,
  "react": 88
},
{
  "_id": {
    "$oid": "66280ca056a252cfe37825e8"
  },
  "name": "Mia",
  "gender": "Female",
  "courses": [
    "javascript",
    "react"
  ],
  "address": {
    "city": "Dallas",
    "state": "Texas"
  },
  "javascript": 78,
  "react": 80
},
{
  "_id": {
    "$oid": "62f297b277bede1ebe79f5a2"
  },
  "name": "Liam",
  "gender": "Male",
  "courses": [
    "python",
    "react"
  ],
  "address": {
    "city": "Seattle",
    "state": "Washington"
  },
  "python": 95,
  "react": 90
},
{
  "_id": {
    "$oid": "66280ca056a252cfe37825e9"
  },
  "name": "Ava",
  "gender": "Female",
  "courses": [
    "python",
    "javascript"
  ],
  "address": {
    "city": "Portland",
    "state": "Oregon"
  },
  "python": 88,
  "javascript": 90
},
{
  "_id": {
    "$oid": "66280ca056a252cfe37825ea"
  },
  "name": "Jackson",
  "gender": "Male",
  "courses": [
    "python",
    "react"
  ],
  "address": {
    "city": "Phoenix",
    "state": "Arizona"
  },
  "python": 85,
  "react": 80
},
{
  "_id": {
    "$oid": "66280ca056a252cfe37825eb"
  },
  "name": "Harper",
  "gender": "Female",
  "courses": [
    "react"
  ],
  "address": {
    "city": "Las Vegas",
    "state": "Nevada"
  },
  "react": 75
},
{
  "_id": {
    "$oid": "66280ca056a252cfe37825ec"
  },
  "name": "Elijah",
  "gender": "Male",
  "courses": [
    "javascript"
  ],
  "address": {
    "city": "Chicago",
    "state": "Illinois"
  },
  "javascript": 85
},
{
  "_id": {
    "$oid": "66280ca056a252cfe37825ed"
  },
  "name": "Scarlett",
  "gender": "Female",
  "courses": [
    "python",
    "javascript",
    "react"
  ],
  "address": {
    "city": "Atlanta",
    "state": "Georgia"
  },
  "python": 92,
  "javascript": 88,
  "react": 90
},
{
  "_id": {
    "$oid": "66280ca056a252cfe37825ee"
  },
  "name": "Lucas",
  "gender": "Male",
  "courses": [
    "python",
    "javascript"
  ],
  "address": {
    "city": "Denver",
    "state": "Colorado"
  },
  "python": 80,
  "javascript": 85
},
{
  "_id": {
    "$oid": "66280ca056a252cfe37825ef"
  },
  "name": "Aria",
  "gender": "Female",
  "courses": [
    "javascript",
    "react"
  ],
  "address": {
    "city": "Nashville",
    "state": "Tennessee"
  },
  "javascript": 78,
  "react": 82
},
{
  "_id": {
    "$oid": "66280ca056a252cfe37825f0"
  },
  "name": "Logan",
  "gender": "Male",
  "courses": [
    "python",
    "react"
  ],
  "address": {
    "city": "Boston",
    "state": "Massachusetts"
  },
  "python": 88,
  "react": 85
},
{
  "_id": {
    "$oid": "66280ca056a252cfe37825f1"
  },
  "name": "Emma",
  "gender": "Female",
  "courses": [
    "python",
    "react"
  ],
  "address": {
    "city": "New York City",
    "state": "New York"
  },
  "python": 95,
  "react": 92
}]