[
    {
        "id": 1,
        "name": "Apple",
        "type": "citrus",
        "price": 1.5,
        "image": "https://upload.wikimedia.org/wikipedia/commons/1/15/Red_Apple.jpg",
        "description": "Fresh red apple, crisp and juicy.",
        "rating": 4.5
    },
    {
        "id": 2,
        "name": "Banana",
        "type": "tropical",
        "price": 0.8,
        "image": "https://upload.wikimedia.org/wikipedia/commons/8/8a/Banana-Single.jpg",
        "description": "Ripe yellow banana, sweet and creamy.",
        "rating": 4.0
    },
    {
        "id": 3,
        "name": "Strawberry",
        "type": "berry",
        "price": 3.2,
        "image": "https://upload.wikimedia.org/wikipedia/commons/2/29/PerfectStrawberry.jpg",
        "description": "Sweet red strawberries, perfect for desserts.",
        "rating": 5.0
    },
    {
        "id": 4,
        "name": "Orange",
        "type": "citrus",
        "price": 1.2,
        "image": "https://upload.wikimedia.org/wikipedia/commons/c/c4/Orange-Fruit-Pieces.jpg",
        "description": "Juicy orange, full of vitamin C.",
        "rating": 4.0
    },
    {
        "id": 5,
        "name": "Mango",
        "type": "tropical",
        "price": 2.5,
        "image": "https://upload.wikimedia.org/wikipedia/commons/9/90/Hapus_Mango.jpg",
        "description": "Tropical mango, exotic and flavorful.",
        "rating": 4.8
    },
    {
        "id": 6,
        "name": "Blueberry",
        "type": "berry",
        "price": 4.0,
        "image": "https://upload.wikimedia.org/wikipedia/commons/1/15/Blueberries.jpg",
        "description": "Fresh blueberries, antioxidant-rich.",
        "rating": 4.2
    }
]
