Rank ,Item 
1,One Piece
2,Berserk
3,AOT
4,Death Note
5,Naruto
6,One Punch Man
7,Summer Time Rendering
8,Promised Neverland s1
9,Solo Levelling
10,Bleach
11,Your Name
12,JJK
13,Dr. Stone
14,Demon Slayer
15,Haikyuu
16,Gurren Laggan
17,Dragon Maid
18,MHA
19,Afro Samurai
20,The Lazy Lord Masters the Sword 
21,Quintuiplets
22,Komi
23,Weathering with you
24,Otome game Mob
25,Takt. op Destiny
26,Spy x Family
27,Bubble
28,Belle
29,Shield Hero
30,Ragna Crimson
31,Shikimori not only cute
32,The Greatest Demon Lord Is Reborn as a Typical Nobody
33,Promised Neverland s2